study,IRR,SE,LCL,UCL,events
AbRahman 2024,0.9313064,0.02841848,0.8808507,0.9846523,1595
Xu 2024,0.97,0.089409,0.8140766,1.1557881,212
Chui 2022,1.6744774,0.18003846,1.1765962,2.3830389,57
Ghebremichael 2022,1.07,0.111225,0.8604134,1.3306395,230
HippisleyCox 2021,1.0416289,0.01963612,1.0023016,1.0824993,3134
